<!-- MoreInfoModal.xml -->
<component name="MoreInfoModal" extends="Group">
    <interface>
        <!-- <field id="itemContent" type="node" onChange="showcontent"/>
        <field id="focusPercent" type="float" onChange="showfocus"/> -->
        <field id="title" type="string" onChange="onTitleChange" />
        <field id="backgroundColor" type="color" onChange="onBackgroundColorChange"/>
        <field id="mainColor" type="color" onChange="onMainColorChange"/>
        <field id="secondaryColor" type="color" onChange="onSecondaryColorChange"/>
        <field id="subtitle" type="string" onChange="onSubtitleChange" />
        <field id="workTitle" type="string" onChange="onWorkTitleChange" />
        <field id="notesArray" type="roArray" onChange="onNotesArrayChange"/>
        <field id="leftArray" type="roArray" onChange="onLeftArrayChange"/>
        <field id="rightArray" type="roArray" onChange="onRightArrayChange"/>
    </interface>
    
    <children>
        <Rectangle
            id="overlay"
            width="1280"
            height="720"
            color="0x00000099"
            translation="[0, -100]"
        />
        <Rectangle
            id="background"
            width="1280"
            height="500"
        />
        <!-- <Animation
            id="backgroundAnimation"
            duration="0.8"
            easeFunction="outQuartic"
        >
            <FloatFieldInterpolator
                key="[0.0, 1.0]" 
                keyValue="[0, 1280]" 
                fieldToInterp="background.width"
            />
        </Animation> -->

        <Label
            id="title"
            width="1000"
            translation="[200, 20]"
            text="title"
            font="font:LargeBoldSystemFont"
        />
        <Label
            id="subtitle"
            width="1000"
            translation="[200, 40]"
            text="subtitle"
            font="font:LargeBoldSystemFont"
        />
        <Label
            id="workTitle"
            width="1000"
            translation="[40, 80]"
            text="workTitle"
            font="font:LargeBoldSystemFont"
        />

        <Notes id="notes" />

        <InfoContent id="infoContent" />
    </children>

    <script type="text/brightscript" uri="MoreInfoModal.brs" />
</component>