<!-- InfoContent.xml -->
<component name="InfoContent" extends="Group">
    <interface>
        <field id="leftArray" type="roArray" onChange="onLeftArrayChange"/>
        <field id="rightArray" type="roArray" onChange="onRightArrayChange"/>
        <field id="color" type="color" onChange="onColorChange"/>
        <field id="closed" type="bool" onChange="onClosedChange"/>
    </interface>
    
    <children>
        
    </children>

    <script type="text/brightscript" uri="InfoContent.brs" />
</component>